,age,gender,angry,disgust,fear,happy,sad,surprise,neutral,danceability,energy,key,loudness,mode,speechiness,acousticness,instrumentalness,liveness,valence,tempo,type,id,uri,track_href,analysis_url,duration_ms,time_signature
0,32,Man,92.75539517402649,0.0017425029000150971,1.5302582643926144,3.283614091742493e-05,5.704148858785629,3.5221166427845674e-06,0.008420277299592271,0.286,0.703,4,-4.491,0,0.0348,0.00847,0,0.142,0.259,151.297,audio_features,7Hr1Ignop7cymbE3FbOtXa,spotify:track:7Hr1Ignop7cymbE3FbOtXa,https://api.spotify.com/v1/tracks/7Hr1Ignop7cymbE3FbOtXa,https://api.spotify.com/v1/audio-analysis/7Hr1Ignop7cymbE3FbOtXa,326813,4
1,27,Man,0.025171109927772578,0.0001466430804706769,0.010572605145067656,96.78930025036932,1.2408545049044195,0.00015040751337174407,1.9338096713310284,0.539,0.926,2,-6.495,1,0.0499,0.014,0,0.36,0.454,136.279,audio_features,1VuBmEauSZywQVtqbxNqka,spotify:track:1VuBmEauSZywQVtqbxNqka,https://api.spotify.com/v1/tracks/1VuBmEauSZywQVtqbxNqka,https://api.spotify.com/v1/audio-analysis/1VuBmEauSZywQVtqbxNqka,246400,4
2,29,Man,45.82344864746622,0.004112435517083735,2.985844939103421,0.0005944214435257924,46.02346396586084,0.0035017741806698476,5.1590352600237885,0.508,0.471,0,-10.718,0,0.0385,0.783,0,0.25,0.117,81.995,audio_features,4NU4ZK3ncM05KPUc8JSuQ5,spotify:track:4NU4ZK3ncM05KPUc8JSuQ5,https://api.spotify.com/v1/tracks/4NU4ZK3ncM05KPUc8JSuQ5,https://api.spotify.com/v1/audio-analysis/4NU4ZK3ncM05KPUc8JSuQ5,131715,4
3,30,Man,66.15280508995056,0.06050717202015221,8.196913450956345,0.1078427187167108,16.896313428878784,2.6174308732151985,5.968189239501953,0.402,0.845,2,-6.459,1,0.0319,0.000676,0,0.158,0.686,174.727,audio_features,4yBiZFLXn0n9AUJ5sWO88k,spotify:track:4yBiZFLXn0n9AUJ5sWO88k,https://api.spotify.com/v1/tracks/4yBiZFLXn0n9AUJ5sWO88k,https://api.spotify.com/v1/audio-analysis/4yBiZFLXn0n9AUJ5sWO88k,258717,4
4,34,Man,1.9546867812053226,0.0011986794041938021,1.221227314027868,0.013478689500808477,2.4606845181307642e-05,96.80933394320799,4.289525520801645e-05,0.286,0.703,4,-4.491,0,0.0348,0.00847,0,0.142,0.259,151.297,audio_features,7Hr1Ignop7cymbE3FbOtXa,spotify:track:7Hr1Ignop7cymbE3FbOtXa,https://api.spotify.com/v1/tracks/7Hr1Ignop7cymbE3FbOtXa,https://api.spotify.com/v1/audio-analysis/7Hr1Ignop7cymbE3FbOtXa,326813,4
5,30,Man,0.0028578373761934377,1.8039370511854604e-05,6.370574966600541,89.5249200433588,0.013676314672391603,0.006656385019172651,4.081286375965312,0.68,0.578,10,-5.804,1,0.04,0.331,0,0.135,0.341,145.038,audio_features,7dt6x5M1jzdTEt8oCbisTK,spotify:track:7dt6x5M1jzdTEt8oCbisTK,https://api.spotify.com/v1/tracks/7dt6x5M1jzdTEt8oCbisTK,https://api.spotify.com/v1/audio-analysis/7dt6x5M1jzdTEt8oCbisTK,231267,4
6,31,Man,0.22881831973791122,5.11739870034944e-05,48.175498843193054,0.029114395147189498,14.3731489777565,0.041508887079544365,37.1518611907959,0.292,0.0322,5,-25.073,1,0.0442,0.993,0,0.117,0.132,168.631,audio_features,2SlARTbg8VmWVF4cG7imB8,spotify:track:2SlARTbg8VmWVF4cG7imB8,https://api.spotify.com/v1/tracks/2SlARTbg8VmWVF4cG7imB8,https://api.spotify.com/v1/audio-analysis/2SlARTbg8VmWVF4cG7imB8,128331,3
7,31,Man,14.02161055932108,0.048471789320180675,58.82982366262815,0.03838399944973734,15.538225504054159,8.193494867890767,3.3299880224459186,0.612,0.807,10,-2.81,1,0.0336,0.0495,0,0.101,0.398,124.053,audio_features,2QjOHCTQ1Jl3zawyYOpxh6,spotify:track:2QjOHCTQ1Jl3zawyYOpxh6,https://api.spotify.com/v1/tracks/2QjOHCTQ1Jl3zawyYOpxh6,https://api.spotify.com/v1/audio-analysis/2QjOHCTQ1Jl3zawyYOpxh6,240400,4
8,25,Man,20.41068971157074,0.00202210976567585,12.16246634721756,0.008349587733391672,61.418163776397705,0.007743735477561131,5.990566685795784,0.433,0.959,9,-4.04,1,0.0431,0.000917,0,0.028,0.365,172.984,audio_features,7x8dCjCr0x6x2lXKujYD34,spotify:track:7x8dCjCr0x6x2lXKujYD34,https://api.spotify.com/v1/tracks/7x8dCjCr0x6x2lXKujYD34,https://api.spotify.com/v1/audio-analysis/7x8dCjCr0x6x2lXKujYD34,269373,4
9,35,Man,0.00032908273454589304,1.608494952743767e-09,4.6824598496090196e-05,88.74536022488597,0.0046986440937513895,0.17652208692843757,11.073045262461337,0.588,0.856,9,-5.242,0,0.0316,0.000818,0,0.238,0.635,96.966,audio_features,7v4ziK63yNqkfHh8S3ZSR3,spotify:track:7v4ziK63yNqkfHh8S3ZSR3,https://api.spotify.com/v1/tracks/7v4ziK63yNqkfHh8S3ZSR3,https://api.spotify.com/v1/audio-analysis/7v4ziK63yNqkfHh8S3ZSR3,175044,4
10,33,Man,1.0100377450838394,2.1862908181056305e-10,0.09231540670956294,3.73294310926729e-06,2.870681725957188,4.242891043418954e-06,96.0269515482245,0.784,0.0752,6,-13.934,0,0.142,0.928,0,0.105,0.476,81.97,audio_features,2qOe8xGW1mKROLBK0o4kuR,spotify:track:2qOe8xGW1mKROLBK0o4kuR,https://api.spotify.com/v1/tracks/2qOe8xGW1mKROLBK0o4kuR,https://api.spotify.com/v1/audio-analysis/2qOe8xGW1mKROLBK0o4kuR,110709,4
11,31,Man,0.3613921348005533,7.116751703506452e-05,6.393986940383911,0.017996721726376563,89.90697860717773,0.00012458738183340756,3.319445252418518,0.645,0.792,4,-7.34,0,0.036,0.0562,0,0.119,0.666,90.565,audio_features,7nnWIPM5hwE3DaUBkvOIpy,spotify:track:7nnWIPM5hwE3DaUBkvOIpy,https://api.spotify.com/v1/tracks/7nnWIPM5hwE3DaUBkvOIpy,https://api.spotify.com/v1/audio-analysis/7nnWIPM5hwE3DaUBkvOIpy,232453,4
12,30,Man,83.65505738914698,3.6977977091989863e-06,4.924338525454822,1.475589959598917e-05,11.291778688642822,0.00015018009179075761,0.12865943505280436,0.223,0.805,8,-8.969,1,0.037,0.000179,0,0.0849,0.25,168.165,audio_features,06WUUNf7q18NZfjIsQFsfa,spotify:track:06WUUNf7q18NZfjIsQFsfa,https://api.spotify.com/v1/tracks/06WUUNf7q18NZfjIsQFsfa,https://api.spotify.com/v1/audio-analysis/06WUUNf7q18NZfjIsQFsfa,115413,4
13,32,Man,1.3889135295947433e-06,1.8845080578558586e-14,1.274126763197359e-08,99.83842374820426,1.065384808823985e-05,4.220052639420156e-05,0.1615177414619635,0.63,0.804,6,-4.183,1,0.0363,0.215,0,0.253,0.492,123.146,audio_features,3a1lNhkSLSkpJE4MSHpDu9,spotify:track:3a1lNhkSLSkpJE4MSHpDu9,https://api.spotify.com/v1/tracks/3a1lNhkSLSkpJE4MSHpDu9,https://api.spotify.com/v1/audio-analysis/3a1lNhkSLSkpJE4MSHpDu9,220293,4
14,28,Man,11.241203546524048,3.440957243583398e-05,0.5959738977253437,0.0011113994332845323,13.43713104724884,0.0008583660928707104,74.72369074821472,0.756,0.631,8,-9.512,0,0.0505,0.117,0,0.0809,0.938,154.003,audio_features,2LzPtYMEj4S44yoBVU7ccu,spotify:track:2LzPtYMEj4S44yoBVU7ccu,https://api.spotify.com/v1/tracks/2LzPtYMEj4S44yoBVU7ccu,https://api.spotify.com/v1/audio-analysis/2LzPtYMEj4S44yoBVU7ccu,108117,4
15,30,Man,19.278019666671753,0.000930785699893022,4.877295717597008,0.0001213343239214737,45.13100981712341,0.0021974212359054945,30.710425972938538,0.566,0.815,9,-4.481,0,0.14,0.0737,0,0.12,0.672,169.961,audio_features,5cY8y2XgOfkAh4kSWLFKkz,spotify:track:5cY8y2XgOfkAh4kSWLFKkz,https://api.spotify.com/v1/tracks/5cY8y2XgOfkAh4kSWLFKkz,https://api.spotify.com/v1/audio-analysis/5cY8y2XgOfkAh4kSWLFKkz,185587,4
16,27,Man,17.607411742210388,8.524388074874878,27.05378532409668,5.505624786019325,8.901406824588776,0.05786746623925865,32.349517941474915,0.58,0.916,3,-4.358,0,0.0387,0.000297,0,0.126,0.683,118.004,audio_features,5anCkDvJ17aznvK5TED5uo,spotify:track:5anCkDvJ17aznvK5TED5uo,https://api.spotify.com/v1/tracks/5anCkDvJ17aznvK5TED5uo,https://api.spotify.com/v1/audio-analysis/5anCkDvJ17aznvK5TED5uo,305907,4
17,23,Man,5.290042709438225e-09,8.762814559469359e-19,2.884055407686992e-10,99.99994039535522,2.3003170548929752e-10,3.364201575095649e-05,2.9258336553539266e-05,0.68,0.578,10,-5.804,1,0.04,0.331,0,0.135,0.341,145.038,audio_features,7dt6x5M1jzdTEt8oCbisTK,spotify:track:7dt6x5M1jzdTEt8oCbisTK,https://api.spotify.com/v1/tracks/7dt6x5M1jzdTEt8oCbisTK,https://api.spotify.com/v1/audio-analysis/7dt6x5M1jzdTEt8oCbisTK,231267,4
18,28,Man,2.1739766001701355,0.7204764056950808,1.0426233522593975,0.627007195726037,5.928870290517807,0.0013427652447717264,89.50570225715637,0.793,0.575,8,-11.019,1,0.135,0.298,0,0.11,0.746,135.435,audio_features,6pan2rDVvM8Z0c70szJryt,spotify:track:6pan2rDVvM8Z0c70szJryt,https://api.spotify.com/v1/tracks/6pan2rDVvM8Z0c70szJryt,https://api.spotify.com/v1/audio-analysis/6pan2rDVvM8Z0c70szJryt,153623,4
19,34,Man,98.42982292175293,0.27864626608788967,0.47820997424423695,2.79780554279796e-07,0.7774575147777796,0.033001802512444556,0.0028665886929957196,0.776,0.78,10,-4.374,0,0.128,0.0622,0,0.081,0.666,124.949,audio_features,0pqnGHJpmpxLKifKRmU6WP,spotify:track:0pqnGHJpmpxLKifKRmU6WP,https://api.spotify.com/v1/tracks/0pqnGHJpmpxLKifKRmU6WP,https://api.spotify.com/v1/audio-analysis/0pqnGHJpmpxLKifKRmU6WP,204347,4
20,33,Man,1.0331499111088105e-10,7.100421518657803e-21,3.313512929748602e-12,99.9998927116394,6.053209489209621e-07,9.627692421781704e-13,0.00010629541975504253,0.825,0.483,8,-5.746,0,0.08,0.538,0,0.204,0.892,139.98,audio_features,2ZlCGeK30BLRNSPC832pNZ,spotify:track:2ZlCGeK30BLRNSPC832pNZ,https://api.spotify.com/v1/tracks/2ZlCGeK30BLRNSPC832pNZ,https://api.spotify.com/v1/audio-analysis/2ZlCGeK30BLRNSPC832pNZ,219933,4
21,30,Man,42.4815833568573,0.008898888336261734,16.77604466676712,0.12870229547843337,23.474615812301636,0.4609726835042238,16.669180989265442,0.675,0.175,6,-13.281,1,0.0596,0.891,0,0.11,0.387,69.027,audio_features,0X8GS74ebF546MbFebv6tx,spotify:track:0X8GS74ebF546MbFebv6tx,https://api.spotify.com/v1/tracks/0X8GS74ebF546MbFebv6tx,https://api.spotify.com/v1/audio-analysis/0X8GS74ebF546MbFebv6tx,125652,4
22,26,Man,4.0189046412706375,0.0005397716449806467,59.65393781661987,0.12139780446887016,32.29360282421112,1.0901561938226223,2.8214603662490845,0.758,0.732,5,-5.511,0,0.051,0.489,0,0.13,0.924,90.038,audio_features,3oqC4Ta40ft6NnTJwcUTdi,spotify:track:3oqC4Ta40ft6NnTJwcUTdi,https://api.spotify.com/v1/tracks/3oqC4Ta40ft6NnTJwcUTdi,https://api.spotify.com/v1/audio-analysis/3oqC4Ta40ft6NnTJwcUTdi,185333,4
23,22,Man,76.9879162311554,9.39361868290689e-06,0.01783621992217377,0.33102219458669424,2.7186578139662743,0.00479633454233408,19.939762353897095,0.808,0.745,10,-5.26,0,0.342,0.145,0,0.292,0.829,165.995,audio_features,7FIWs0pqAYbP91WWM0vlTQ,spotify:track:7FIWs0pqAYbP91WWM0vlTQ,https://api.spotify.com/v1/tracks/7FIWs0pqAYbP91WWM0vlTQ,https://api.spotify.com/v1/audio-analysis/7FIWs0pqAYbP91WWM0vlTQ,210800,4
24,23,Man,2.3104001350970904e-10,1.7764694009489346e-18,3.23176468225439e-10,99.68309998512268,1.0793214239024351e-08,0.000929071848077001,0.3159692510962486,0.76,0.479,2,-5.574,1,0.0466,0.556,0,0.0703,0.913,89.911,audio_features,3KkXRkHbMCARz0aVfEt68P,spotify:track:3KkXRkHbMCARz0aVfEt68P,https://api.spotify.com/v1/tracks/3KkXRkHbMCARz0aVfEt68P,https://api.spotify.com/v1/audio-analysis/3KkXRkHbMCARz0aVfEt68P,158040,4
25,26,Man,19.122985005378723,3.0024953190377346e-06,0.5600009113550186,0.00019480196442600572,16.34008437395096,0.00037971210531395627,63.97635340690613,0.551,0.44,10,-8.559,1,0.0985,0.606,0,0.11,0.341,167.923,audio_features,5kfNriitmkNE8mUbZ7gbq8,spotify:track:5kfNriitmkNE8mUbZ7gbq8,https://api.spotify.com/v1/tracks/5kfNriitmkNE8mUbZ7gbq8,https://api.spotify.com/v1/audio-analysis/5kfNriitmkNE8mUbZ7gbq8,210667,4
26,28,Man,28.832080503454147,0.015137865207952683,1.0882032669242303,0.0023152871076769664,45.157626848503725,0.0032161689691295584,24.901419889757648,0.726,0.431,8,-8.765,0,0.135,0.731,0,0.696,0.348,144.026,audio_features,7eJMfftS33KTjuF7lTsMCx,spotify:track:7eJMfftS33KTjuF7lTsMCx,https://api.spotify.com/v1/tracks/7eJMfftS33KTjuF7lTsMCx,https://api.spotify.com/v1/audio-analysis/7eJMfftS33KTjuF7lTsMCx,173333,4
27,27,Man,79.8097872960821,9.401575100234139,2.9918875703945673,0.013008630680754104,7.098248499840677,0.02063308247268707,0.6648548086160649,0.394,0.944,10,-6.506,0,0.0761,0.00178,0,0.298,0.265,105.338,audio_features,6QewNVIDKdSl8Y3ycuHIei,spotify:track:6QewNVIDKdSl8Y3ycuHIei,https://api.spotify.com/v1/tracks/6QewNVIDKdSl8Y3ycuHIei,https://api.spotify.com/v1/audio-analysis/6QewNVIDKdSl8Y3ycuHIei,292581,4
28,31,Woman,0.0006023801688570529,0.0002932422830781434,0.0013563317224907223,98.1045126914978,1.6483966261148453,0.00015449421653102036,0.24468712508678436,0.782,0.685,4,-6.237,1,0.0309,0.166,0,0.16,0.603,118.016,audio_features,7vFoFDWqTX0mHzLfrF1Cfy,spotify:track:7vFoFDWqTX0mHzLfrF1Cfy,https://api.spotify.com/v1/tracks/7vFoFDWqTX0mHzLfrF1Cfy,https://api.spotify.com/v1/audio-analysis/7vFoFDWqTX0mHzLfrF1Cfy,180566,4
29,25,Woman,9.884153895625705,0.0010723484322419854,30.705060404840733,0.013779545500307262,14.14667899290794,0.29361885394119347,44.9556377503656,0.766,0.622,5,-5.292,0,0.101,0.0639,0,0.207,0.679,140.076,audio_features,2ZIZXWnU52s0C75sPYiwvh,spotify:track:2ZIZXWnU52s0C75sPYiwvh,https://api.spotify.com/v1/tracks/2ZIZXWnU52s0C75sPYiwvh,https://api.spotify.com/v1/audio-analysis/2ZIZXWnU52s0C75sPYiwvh,191493,4
30,32,Woman,0.3458934809427548,4.799573789155027e-05,12.520194799911666,0.0069512327677839405,6.688458126095422,0.0019630764005816445,80.43649080017154,0.775,0.327,11,-7.241,1,0.0557,0.841,0,0.0821,0.595,91.05,audio_features,4cktbXiXOapiLBMprHFErI,spotify:track:4cktbXiXOapiLBMprHFErI,https://api.spotify.com/v1/tracks/4cktbXiXOapiLBMprHFErI,https://api.spotify.com/v1/audio-analysis/4cktbXiXOapiLBMprHFErI,189486,4
31,31,Man,88.15453052520752,11.132697761058807,0.048532316577620804,5.0520105787654757e-05,0.6048134993761778,0.0003394977966308943,0.0590388139244169,0.331,0.943,4,-3.188,0,0.0698,0.00721,0,0.242,0.296,94.612,audio_features,0COqiPhxzoWICwFCS4eZcp,spotify:track:0COqiPhxzoWICwFCS4eZcp,https://api.spotify.com/v1/tracks/0COqiPhxzoWICwFCS4eZcp,https://api.spotify.com/v1/audio-analysis/0COqiPhxzoWICwFCS4eZcp,235893,4
32,30,Woman,1.069819019411912e-08,2.2102354635092582e-14,1.0062418078878818e-10,99.99858736983462,1.8316153020215807e-07,1.7485939073102147e-06,0.0014128247972538574,0.611,0.462,0,-7.054,1,0.0646,0.558,0,0.131,0.377,59.635,audio_features,7npLlaPu9Mfno8hjk5OagD,spotify:track:7npLlaPu9Mfno8hjk5OagD,https://api.spotify.com/v1/tracks/7npLlaPu9Mfno8hjk5OagD,https://api.spotify.com/v1/audio-analysis/7npLlaPu9Mfno8hjk5OagD,215230,4
33,35,Woman,45.893558859825134,6.918196380138397,9.153008460998535,0.008969280315795913,37.32644319534302,0.12031687656417489,0.5795088596642017,0.439,0.303,3,-10.839,1,0.0422,0.839,0,0.071,0.268,139.475,audio_features,02JIdsrod3BYucThfUFDUX,spotify:track:02JIdsrod3BYucThfUFDUX,https://api.spotify.com/v1/tracks/02JIdsrod3BYucThfUFDUX,https://api.spotify.com/v1/audio-analysis/02JIdsrod3BYucThfUFDUX,170787,3
34,33,Woman,1.1424613185226917,58.973151445388794,13.461382687091827,0.0010169002052862197,26.0494202375412,0.18931964877992868,0.18324735574424267,0.764,0.705,3,-5.279,0,0.0278,0.0371,0,0.0943,0.672,101.003,audio_features,0y60itmpH0aPKsFiGxmtnh,spotify:track:0y60itmpH0aPKsFiGxmtnh,https://api.spotify.com/v1/tracks/0y60itmpH0aPKsFiGxmtnh,https://api.spotify.com/v1/audio-analysis/0y60itmpH0aPKsFiGxmtnh,196520,4
35,32,Man,53.749210089350946,0.0008681343513563713,3.3701580310056247,0.13603257705659594,24.556593544077103,0.1046322410860349,18.082509110273016,0.496,0.863,9,-4.153,1,0.0381,0.0046,0,0.639,0.243,110.018,audio_features,2nLtzopw4rPReszdYBJU6h,spotify:track:2nLtzopw4rPReszdYBJU6h,https://api.spotify.com/v1/tracks/2nLtzopw4rPReszdYBJU6h,https://api.spotify.com/v1/audio-analysis/2nLtzopw4rPReszdYBJU6h,185587,4
36,31,Woman,3.482500317086163e-07,7.108931871299201e-12,1.6241384965914394e-06,99.46111447082585,3.995024279210318e-06,2.141524391214366e-05,0.5388523275283185,0.825,0.652,1,-3.183,0,0.0802,0.581,0,0.0931,0.931,95.977,audio_features,7qiZfU4dY1lWllzX7mPBI3,spotify:track:7qiZfU4dY1lWllzX7mPBI3,https://api.spotify.com/v1/tracks/7qiZfU4dY1lWllzX7mPBI3,https://api.spotify.com/v1/audio-analysis/7qiZfU4dY1lWllzX7mPBI3,233713,4
37,31,Woman,51.0827512194366,0.0047071388585091445,10.981042592587626,0.0016036478928951221,28.18665374437891,0.05920731116949386,9.684039484503238,0.766,0.622,5,-5.292,0,0.101,0.0639,0,0.207,0.679,140.076,audio_features,2ZIZXWnU52s0C75sPYiwvh,spotify:track:2ZIZXWnU52s0C75sPYiwvh,https://api.spotify.com/v1/tracks/2ZIZXWnU52s0C75sPYiwvh,https://api.spotify.com/v1/audio-analysis/2ZIZXWnU52s0C75sPYiwvh,191493,4
38,33,Man,31.799697875976562,0.00014551418416886008,6.382672488689423,0.0027283454983262345,48.17895293235779,0.03477690042927861,13.60102891921997,0.579,0.508,2,-9.484,1,0.027,0.00574,0,0.0575,0.609,147.125,audio_features,40riOy7x9W7GXjyGp4pjAv,spotify:track:40riOy7x9W7GXjyGp4pjAv,https://api.spotify.com/v1/tracks/40riOy7x9W7GXjyGp4pjAv,https://api.spotify.com/v1/audio-analysis/40riOy7x9W7GXjyGp4pjAv,391376,4
39,29,Woman,20.41500210762024,1.8748653474176535e-05,0.4834288265556097,0.8788756094872952,2.371826209127903,0.0011538401849975344,75.84969997406006,0.466,0.833,7,-4.215,1,0.304,0.0266,0,0.0327,0.661,88.785,audio_features,59WN2psjkt1tyaxjspN8fp,spotify:track:59WN2psjkt1tyaxjspN8fp,https://api.spotify.com/v1/tracks/59WN2psjkt1tyaxjspN8fp,https://api.spotify.com/v1/audio-analysis/59WN2psjkt1tyaxjspN8fp,313573,4
40,33,Woman,1.2931117114589608e-09,1.0586830814879821e-13,2.949031296939353e-08,99.99121427536011,5.683690740276859e-08,1.41126661138552e-10,0.008790703577687964,0.779,0.516,10,-6.467,0,0.0521,0.148,0,0.0492,0.715,120.026,audio_features,48XkVAagIoQHCsOlJtXUd5,spotify:track:48XkVAagIoQHCsOlJtXUd5,https://api.spotify.com/v1/tracks/48XkVAagIoQHCsOlJtXUd5,https://api.spotify.com/v1/audio-analysis/48XkVAagIoQHCsOlJtXUd5,247787,4
41,31,Woman,2.377735167415718,5.889637852535213e-07,0.5317837297280157,0.00615936368620158,3.992062703721201,0.000509344939236271,93.09174500802219,0.484,0.039,0,-28.557,1,0.048,0.991,0,0.133,0.118,112.814,audio_features,4cmE5SPvjKEzIHzhrLq9jO,spotify:track:4cmE5SPvjKEzIHzhrLq9jO,https://api.spotify.com/v1/tracks/4cmE5SPvjKEzIHzhrLq9jO,https://api.spotify.com/v1/audio-analysis/4cmE5SPvjKEzIHzhrLq9jO,197500,4
42,30,Woman,5.236238241195679,5.622816274808429e-05,21.764911711215973,0.0010040808774647303,50.691115856170654,4.2993686832915046e-06,22.306670248508453,0.402,0.0982,5,-19.814,0,0.0401,0.356,0,0.358,0.191,141.54,audio_features,56UsciEGCYrmCTSI3veuvC,spotify:track:56UsciEGCYrmCTSI3veuvC,https://api.spotify.com/v1/tracks/56UsciEGCYrmCTSI3veuvC,https://api.spotify.com/v1/audio-analysis/56UsciEGCYrmCTSI3veuvC,464040,3
43,27,Man,76.58898830413818,0.0017122019926318899,0.3543409751728177,21.679015457630157,0.9674527682363987,0.22285550367087126,0.18563750199973583,0.541,0.96,0,-2.947,0,0.0505,0.0663,0,0.344,0.812,122.803,audio_features,0rmGAIH9LNJewFw7nKzZnc,spotify:track:0rmGAIH9LNJewFw7nKzZnc,https://api.spotify.com/v1/tracks/0rmGAIH9LNJewFw7nKzZnc,https://api.spotify.com/v1/audio-analysis/0rmGAIH9LNJewFw7nKzZnc,222707,4
44,22,Woman,2.6432686841339883e-05,3.079082843566724e-07,1.587294373234865e-06,98.5784234311076,0.00435790991905381,0.0011336305318880285,1.4160529884930864,0.775,0.327,11,-7.241,1,0.0557,0.841,0,0.0821,0.595,91.05,audio_features,4cktbXiXOapiLBMprHFErI,spotify:track:4cktbXiXOapiLBMprHFErI,https://api.spotify.com/v1/tracks/4cktbXiXOapiLBMprHFErI,https://api.spotify.com/v1/audio-analysis/4cktbXiXOapiLBMprHFErI,189486,4
45,25,Man,0.45691713831816455,6.324338342943815e-06,0.1820286984558465,0.07791372135006233,2.6760995923161994,0.007838761459932227,96.59919183263877,0.479,0.0235,5,-26.168,1,0.0381,0.924,0,0.124,0.245,121.199,audio_features,5ErJuPKvaeopdg17OqmN8k,spotify:track:5ErJuPKvaeopdg17OqmN8k,https://api.spotify.com/v1/tracks/5ErJuPKvaeopdg17OqmN8k,https://api.spotify.com/v1/audio-analysis/5ErJuPKvaeopdg17OqmN8k,82307,4
46,24,Woman,0.10882631177082658,5.9442305655466043e-05,0.3868977539241314,0.000191926028492162,93.19599866867065,2.4848529278642673e-05,6.308004260063171,0.601,0.741,2,-5.569,1,0.0478,0.185,0,0.415,0.441,153.96,audio_features,6I3mqTwhRpn34SLVafSH7G,spotify:track:6I3mqTwhRpn34SLVafSH7G,https://api.spotify.com/v1/tracks/6I3mqTwhRpn34SLVafSH7G,https://api.spotify.com/v1/audio-analysis/6I3mqTwhRpn34SLVafSH7G,153190,4
47,26,Woman,31.462113944418068,0.06753809686977248,19.02177596222019,0.0001406177118183426,32.37552835795452,0.09565232309675652,16.977244137361296,0.728,0.783,11,-4.424,0,0.266,0.237,0,0.434,0.555,77.011,audio_features,1r9xUipOqoNwggBpENDsvJ,spotify:track:1r9xUipOqoNwggBpENDsvJ,https://api.spotify.com/v1/tracks/1r9xUipOqoNwggBpENDsvJ,https://api.spotify.com/v1/audio-analysis/1r9xUipOqoNwggBpENDsvJ,173381,4
48,35,Woman,0.680682075091353,0.007334472173766756,3.9394292009557246,0.6425696590459753,94.45478386225892,0.1387473379637494,0.13645055707015907,0.782,0.828,10,-4.22,1,0.0428,0.0361,0,0.142,0.839,141.872,audio_features,4qwhCmldDsp1cKbDX44SHz,spotify:track:4qwhCmldDsp1cKbDX44SHz,https://api.spotify.com/v1/tracks/4qwhCmldDsp1cKbDX44SHz,https://api.spotify.com/v1/audio-analysis/4qwhCmldDsp1cKbDX44SHz,146625,4
49,31,Woman,4.174134507775307,0.00022887859358888818,0.12981394538655877,0.02148654020857066,70.99849581718445,6.50188553663611e-05,24.675777554512024,0.419,0.0842,6,-17.542,1,0.0341,0.957,0,0.285,0.246,88.278,audio_features,2BAsBkA10fTRZhF5iMs0Dh,spotify:track:2BAsBkA10fTRZhF5iMs0Dh,https://api.spotify.com/v1/tracks/2BAsBkA10fTRZhF5iMs0Dh,https://api.spotify.com/v1/audio-analysis/2BAsBkA10fTRZhF5iMs0Dh,157683,4
50,31,Woman,6.6718630492687225,0.0021358167941798456,0.24395736400038004,0.0006618981842620997,87.47750520706177,2.8723809464281658e-05,5.603846907615662,0.639,0.526,0,-6.697,1,0.0256,0.245,0,0.25,0.488,130.033,audio_features,2IVsRhKrx8hlQBOWy4qebo,spotify:track:2IVsRhKrx8hlQBOWy4qebo,https://api.spotify.com/v1/tracks/2IVsRhKrx8hlQBOWy4qebo,https://api.spotify.com/v1/audio-analysis/2IVsRhKrx8hlQBOWy4qebo,216880,3
51,37,Man,88.1562888622284,0.0003479098722891649,0.422929460182786,0.0006731139819748932,5.064427480101585,0.014658193686045706,6.340674310922623,0.542,0.732,9,-5.956,1,0.0521,0.00209,0,0.496,0.489,124.912,audio_features,7FdUvDkaE24o3FPIWTvzv2,spotify:track:7FdUvDkaE24o3FPIWTvzv2,https://api.spotify.com/v1/tracks/7FdUvDkaE24o3FPIWTvzv2,https://api.spotify.com/v1/audio-analysis/7FdUvDkaE24o3FPIWTvzv2,175644,4
52,32,Woman,2.2487236525397324e-05,5.690306638240785e-10,0.00019345862954515245,99.88988041221383,0.0001256830803292963,0.006459260133227937,0.10331962873456649,0.747,0.716,11,-2.457,0,0.075,0.135,0,0.251,0.751,125.008,audio_features,2EBCVPNAG46nbgs6jXPGvv,spotify:track:2EBCVPNAG46nbgs6jXPGvv,https://api.spotify.com/v1/tracks/2EBCVPNAG46nbgs6jXPGvv,https://api.spotify.com/v1/audio-analysis/2EBCVPNAG46nbgs6jXPGvv,210627,4
53,33,Man,0.1946546952240169,7.609745011905034e-05,29.177218675613403,0.427446560934186,0.0864875444676727,45.0021892786026,25.111928582191467,0.397,0.159,2,-18.029,0,0.0964,0.983,0,0.1,0.188,183.022,audio_features,1GenCekPteCHDwhCY1zuhZ,spotify:track:1GenCekPteCHDwhCY1zuhZ,https://api.spotify.com/v1/tracks/1GenCekPteCHDwhCY1zuhZ,https://api.spotify.com/v1/audio-analysis/1GenCekPteCHDwhCY1zuhZ,124761,3
54,35,Woman,0.296796200792265,7.196828593488462e-05,6.11781253622845,0.022019125611264297,77.15028388203882,0.0032482950817941552,16.409769142256327,0.687,0.792,5,-2.749,1,0.0452,0.191,0,0.167,0.671,100.015,audio_features,2dpaYNEQHiRxtZbfNsse99,spotify:track:2dpaYNEQHiRxtZbfNsse99,https://api.spotify.com/v1/tracks/2dpaYNEQHiRxtZbfNsse99,https://api.spotify.com/v1/audio-analysis/2dpaYNEQHiRxtZbfNsse99,214290,4
55,31,Man,66.12242460250854,0.08360279025509953,0.6826761178672314,0.02340490318601951,23.131732642650604,0.02057324891211465,9.93557944893837,0.42,0.929,7,-3.899,0,0.121,0.000353,0,0.122,0.3,127.204,audio_features,5V3mdRI2yQxbSsJGDPc5lD,spotify:track:5V3mdRI2yQxbSsJGDPc5lD,https://api.spotify.com/v1/tracks/5V3mdRI2yQxbSsJGDPc5lD,https://api.spotify.com/v1/audio-analysis/5V3mdRI2yQxbSsJGDPc5lD,210240,4
56,37,Woman,1.1876711170089038e-05,2.8215830279870735e-11,3.3783767450223934e-08,99.99550580978394,0.00010548573072810541,5.055970220269046e-06,0.0043727184674935415,0.543,0.87,9,-6.514,1,0.0428,0.358,0,0.792,0.754,100.804,audio_features,0GjEhVFGZW8afUYGChu3Rr,spotify:track:0GjEhVFGZW8afUYGChu3Rr,https://api.spotify.com/v1/tracks/0GjEhVFGZW8afUYGChu3Rr,https://api.spotify.com/v1/audio-analysis/0GjEhVFGZW8afUYGChu3Rr,230400,4
57,31,Woman,2.3513948544859886,0.0003699499302456388,3.8969282060861588,0.00021141361230547773,16.25438630580902,6.807837280575768e-05,77.49664187431335,0.471,0.0778,6,-25.724,1,0.0352,0.984,0,0.0976,0.447,71.409,audio_features,7rIN1EjL0P78qaM46slfD7,spotify:track:7rIN1EjL0P78qaM46slfD7,https://api.spotify.com/v1/tracks/7rIN1EjL0P78qaM46slfD7,https://api.spotify.com/v1/audio-analysis/7rIN1EjL0P78qaM46slfD7,115405,3
58,29,Man,18.91423387357785,0.028779473566661946,1.4349321986815693,0.0002948490976937492,75.86244632453366,0.0015930303481566863,3.7577166399101447,0.449,0.585,5,-6.761,1,0.0268,0.0509,0,0.0833,0.212,139.631,audio_features,6nek1Nin9q48AVZcWs9e9D,spotify:track:6nek1Nin9q48AVZcWs9e9D,https://api.spotify.com/v1/tracks/6nek1Nin9q48AVZcWs9e9D,https://api.spotify.com/v1/audio-analysis/6nek1Nin9q48AVZcWs9e9D,278719,4
59,25,Woman,98.76526594161987,0.00012676980531978188,0.0975353759713471,0.014499800454359502,0.9477151557803154,0.003298021329101175,0.17156004905700684,0.736,0.704,3,-7.409,0,0.0615,0.0203,0,0.0501,0.894,149.995,audio_features,27NovPIUIRrOZoCHxABJwK,spotify:track:27NovPIUIRrOZoCHxABJwK,https://api.spotify.com/v1/tracks/27NovPIUIRrOZoCHxABJwK,https://api.spotify.com/v1/audio-analysis/27NovPIUIRrOZoCHxABJwK,212000,4
60,30,Woman,5.848333708358217e-06,3.330726290829998e-08,1.9251277350735007e-07,99.99827742545797,1.3391662619797447e-06,4.4442693922782536e-05,0.0016771050738791694,0.736,0.964,1,-2.291,1,0.294,0.00785,0,0.131,0.372,100.019,audio_features,50gPjAfjdq6BjEz937C3hm,spotify:track:50gPjAfjdq6BjEz937C3hm,https://api.spotify.com/v1/tracks/50gPjAfjdq6BjEz937C3hm,https://api.spotify.com/v1/audio-analysis/50gPjAfjdq6BjEz937C3hm,196895,4
61,28,Woman,0.7585187442600727,0.0013111328371451236,2.994001843035221,0.0864134170114994,27.3408442735672,0.1991027733311057,68.61981153488159,0.505,0.397,5,-9.349,1,0.324,0.716,0,0.0853,0.558,95.063,audio_features,3eze1OsZ1rqeXkKStNfTmi,spotify:track:3eze1OsZ1rqeXkKStNfTmi,https://api.spotify.com/v1/tracks/3eze1OsZ1rqeXkKStNfTmi,https://api.spotify.com/v1/audio-analysis/3eze1OsZ1rqeXkKStNfTmi,219683,1
62,25,Man,16.68866674236457,34.95670169333825,0.5926828253378168,0.06020854120454438,36.774589823161946,0.07207575683747272,10.855078599159635,0.481,0.487,5,-14.016,1,0.0393,0.407,0,0.308,0.311,73.093,audio_features,5S2e7gDXQFMnnXoth2zrOo,spotify:track:5S2e7gDXQFMnnXoth2zrOo,https://api.spotify.com/v1/tracks/5S2e7gDXQFMnnXoth2zrOo,https://api.spotify.com/v1/audio-analysis/5S2e7gDXQFMnnXoth2zrOo,321758,4
63,39,Woman,76.72794461250305,0.986046064645052,19.983914494514465,0.04324131004977971,2.125430107116699,0.12281271629035473,0.010613122140057385,0.614,0.66,0,-2.848,1,0.0441,0.19,0,0.211,0.452,145.01,audio_features,2C6WXnmZ66tHhHlnvwePiK,spotify:track:2C6WXnmZ66tHhHlnvwePiK,https://api.spotify.com/v1/tracks/2C6WXnmZ66tHhHlnvwePiK,https://api.spotify.com/v1/audio-analysis/2C6WXnmZ66tHhHlnvwePiK,245267,4
64,34,Woman,9.82631844771108e-09,2.193163534200143e-12,2.4716126641040182e-05,99.99938011176823,7.848440072599953e-07,3.790571670981253e-06,0.0005850289865694146,0.657,0.614,0,-7.829,0,0.055,0.0625,0,0.397,0.723,113.009,audio_features,11xOwUHV7P1q7UpEQuMIrx,spotify:track:11xOwUHV7P1q7UpEQuMIrx,https://api.spotify.com/v1/tracks/11xOwUHV7P1q7UpEQuMIrx,https://api.spotify.com/v1/audio-analysis/11xOwUHV7P1q7UpEQuMIrx,176283,4
65,32,Woman,11.730500218927887,0.010133637741306453,2.802909313489117,0.6976460472668465,9.399560469336565,0.003166042747561328,75.35608713103379,0.399,0.491,6,-10.778,0,0.0538,0.0563,0,0.11,0.151,91.066,audio_features,6AGOKlMZWLCaEJGnaROtF9,spotify:track:6AGOKlMZWLCaEJGnaROtF9,https://api.spotify.com/v1/tracks/6AGOKlMZWLCaEJGnaROtF9,https://api.spotify.com/v1/audio-analysis/6AGOKlMZWLCaEJGnaROtF9,210463,4
66,44,Woman,0.04125046343071449,0.007159053222174931,0.010502463759095072,98.29881807579778,0.09862172871494547,0.00018502615898637604,1.5434568770579247,0.785,0.431,10,-8.756,0,0.0364,0.123,0,0.0887,0.236,127.085,audio_features,26XaOsDMbl0e1cVKYfkz6w,spotify:track:26XaOsDMbl0e1cVKYfkz6w,https://api.spotify.com/v1/tracks/26XaOsDMbl0e1cVKYfkz6w,https://api.spotify.com/v1/audio-analysis/26XaOsDMbl0e1cVKYfkz6w,159382,4
67,30,Man,44.185573555758765,8.236380195231663e-06,1.9894832236190767,7.372166353402838e-06,42.44194120860801,1.1090070116917859e-05,11.382969601992416,0.541,0.96,0,-2.947,0,0.0505,0.0663,0,0.344,0.812,122.803,audio_features,0rmGAIH9LNJewFw7nKzZnc,spotify:track:0rmGAIH9LNJewFw7nKzZnc,https://api.spotify.com/v1/tracks/0rmGAIH9LNJewFw7nKzZnc,https://api.spotify.com/v1/audio-analysis/0rmGAIH9LNJewFw7nKzZnc,222707,4
68,31,Man,55.25839328765869,9.283171564788972e-07,3.2759301364421844,0.23802448995411396,0.14137845719233155,0.02656495780684054,41.05970859527588,0.764,0.705,3,-5.279,0,0.0278,0.0371,0,0.0943,0.672,101.003,audio_features,0y60itmpH0aPKsFiGxmtnh,spotify:track:0y60itmpH0aPKsFiGxmtnh,https://api.spotify.com/v1/tracks/0y60itmpH0aPKsFiGxmtnh,https://api.spotify.com/v1/audio-analysis/0y60itmpH0aPKsFiGxmtnh,196520,4
69,30,Man,1.8770431724735293,0.0002786343779724437,37.15079281916704,0.013082167320402882,52.92180741765411,0.020380371032573754,8.016614405320357,0.508,0.471,0,-10.718,0,0.0385,0.783,0,0.25,0.117,81.995,audio_features,4NU4ZK3ncM05KPUc8JSuQ5,spotify:track:4NU4ZK3ncM05KPUc8JSuQ5,https://api.spotify.com/v1/tracks/4NU4ZK3ncM05KPUc8JSuQ5,https://api.spotify.com/v1/audio-analysis/4NU4ZK3ncM05KPUc8JSuQ5,131715,4
70,30,Man,0.01353593187294867,5.827284532036687e-11,0.18756468734158202,2.0961098995786948e-06,11.516218573821698,1.1294801501177164e-05,88.28266789213824,0.44,0.778,1,-1.786,0,0.0327,0.0265,0,0.151,0.304,148.038,audio_features,7oWbeO9v3Cfs900q7JhLAs,spotify:track:7oWbeO9v3Cfs900q7JhLAs,https://api.spotify.com/v1/tracks/7oWbeO9v3Cfs900q7JhLAs,https://api.spotify.com/v1/audio-analysis/7oWbeO9v3Cfs900q7JhLAs,229347,4
71,29,Man,2.309139259159565,1.103935345914131e-08,0.2281608060002327,0.002446616599627305,5.396469309926033,7.520500844293565e-05,92.06371307373047,0.743,0.836,2,-6.465,1,0.116,0.0804,0,0.384,0.82,113.375,audio_features,39shmbIHICJ2Wxnk1fPSdz,spotify:track:39shmbIHICJ2Wxnk1fPSdz,https://api.spotify.com/v1/tracks/39shmbIHICJ2Wxnk1fPSdz,https://api.spotify.com/v1/audio-analysis/39shmbIHICJ2Wxnk1fPSdz,188987,4
72,30,Man,1.532794863257081e-08,7.24097106122728e-18,6.063034307875496e-13,98.93516898155212,2.4733506620577828e-05,2.2108195274483933e-07,1.0648107156157494,0.733,0.897,0,-3.652,1,0.0389,0.0391,0,0.117,0.649,96.006,audio_features,0mlAOSILGRys2IbvyOT5VJ,spotify:track:0mlAOSILGRys2IbvyOT5VJ,https://api.spotify.com/v1/tracks/0mlAOSILGRys2IbvyOT5VJ,https://api.spotify.com/v1/audio-analysis/0mlAOSILGRys2IbvyOT5VJ,173800,4
73,31,Man,0.4277001556515508,9.72955910871381e-07,0.3584918138692601,0.06731610408382367,1.134610320227108,0.011130363546836624,98.00074720373783,0.358,0.0667,2,-25.465,1,0.056,0.951,0,0.0745,0.126,138.005,audio_features,7ps4C1VKLR5zCt49eM2TzA,spotify:track:7ps4C1VKLR5zCt49eM2TzA,https://api.spotify.com/v1/tracks/7ps4C1VKLR5zCt49eM2TzA,https://api.spotify.com/v1/audio-analysis/7ps4C1VKLR5zCt49eM2TzA,242548,4
74,31,Man,0.070092039635303,1.7495286818459754e-08,0.005756353109289519,0.008881058403884748,0.1445872329674502,1.2026084312439217e-05,99.77067111555762,0.671,0.673,11,-6.941,0,0.0444,0.148,0,0.304,0.494,121.963,audio_features,1SOClUWhOi8vHZYMz3GluK,spotify:track:1SOClUWhOi8vHZYMz3GluK,https://api.spotify.com/v1/tracks/1SOClUWhOi8vHZYMz3GluK,https://api.spotify.com/v1/audio-analysis/1SOClUWhOi8vHZYMz3GluK,237720,4
75,30,Man,52.029675245285034,8.377584737040422e-09,0.3768953960388899,1.389864650036543e-05,45.44490575790405,2.4255275565820966e-07,2.148512750864029,0.818,0.705,6,-6.679,1,0.177,0.00836,0,0.613,0.772,138.559,audio_features,0d28khcov6AiegSCpG5TuT,spotify:track:0d28khcov6AiegSCpG5TuT,https://api.spotify.com/v1/tracks/0d28khcov6AiegSCpG5TuT,https://api.spotify.com/v1/audio-analysis/0d28khcov6AiegSCpG5TuT,222640,4
76,33,Man,0.00045500396481656935,2.271695608317345e-11,7.162736116034241e-10,99.63591694831848,4.3179596787013e-06,2.5266739811513617e-06,0.3636241191998124,0.682,0.673,5,-6.105,0,0.118,0.33,0,0.196,0.489,143.014,audio_features,101xoJ62xSk9hmcYri8gtH,spotify:track:101xoJ62xSk9hmcYri8gtH,https://api.spotify.com/v1/tracks/101xoJ62xSk9hmcYri8gtH,https://api.spotify.com/v1/audio-analysis/101xoJ62xSk9hmcYri8gtH,168671,4
77,29,Man,17.096136039265158,5.677231023952811e-07,0.028626549716199916,2.3502907688713603e-05,4.049974176286112,1.1138426667655885e-05,78.82522814424206,0.675,0.175,6,-13.281,1,0.0596,0.891,0,0.11,0.387,69.027,audio_features,1OL3yrDYTbOXeuRhiYWlKi,spotify:track:1OL3yrDYTbOXeuRhiYWlKi,https://api.spotify.com/v1/tracks/1OL3yrDYTbOXeuRhiYWlKi,https://api.spotify.com/v1/audio-analysis/1OL3yrDYTbOXeuRhiYWlKi,125652,4
78,31,Man,53.223222109887345,0.000362817038371618,0.6066370497927607,0.34019714822505137,10.284235592575598,0.0010156752676934151,35.5443226642224,0.758,0.732,5,-5.511,0,0.051,0.489,0,0.13,0.924,90.038,audio_features,3oqC4Ta40ft6NnTJwcUTdi,spotify:track:3oqC4Ta40ft6NnTJwcUTdi,https://api.spotify.com/v1/tracks/3oqC4Ta40ft6NnTJwcUTdi,https://api.spotify.com/v1/audio-analysis/3oqC4Ta40ft6NnTJwcUTdi,185333,4
79,32,Man,0.43274413579667426,0.010640931484307736,0.01658945792515325,0.024745600259600594,6.479491679638128,0.00016227167919590716,93.03562599632895,0.736,0.964,1,-2.291,1,0.294,0.00785,0,0.131,0.372,100.019,audio_features,50gPjAfjdq6BjEz937C3hm,spotify:track:50gPjAfjdq6BjEz937C3hm,https://api.spotify.com/v1/tracks/50gPjAfjdq6BjEz937C3hm,https://api.spotify.com/v1/audio-analysis/50gPjAfjdq6BjEz937C3hm,196895,4
80,32,Man,0.00051388528845564,5.0522291905608085e-08,0.0009263662832381669,79.42761778831482,0.04446293460205197,0.11618738062679768,20.410291850566864,0.679,0.715,9,-6.383,1,0.0407,0.0755,0,0.271,0.571,127.435,audio_features,6fNhZRFEkBfgW39W3wKARJ,spotify:track:6fNhZRFEkBfgW39W3wKARJ,https://api.spotify.com/v1/tracks/6fNhZRFEkBfgW39W3wKARJ,https://api.spotify.com/v1/audio-analysis/6fNhZRFEkBfgW39W3wKARJ,214148,4
81,32,Man,0.43274413579667426,0.010640931484307736,0.01658945792515325,0.024745600259600594,6.479491679638128,0.00016227167919590716,93.03562599632895,0.508,0.471,0,-10.718,0,0.0385,0.783,0,0.25,0.117,81.995,audio_features,4NU4ZK3ncM05KPUc8JSuQ5,spotify:track:4NU4ZK3ncM05KPUc8JSuQ5,https://api.spotify.com/v1/tracks/4NU4ZK3ncM05KPUc8JSuQ5,https://api.spotify.com/v1/audio-analysis/4NU4ZK3ncM05KPUc8JSuQ5,131715,4
82,31,Man,0.032346995430998504,2.066263533606616e-05,0.012611506099347025,0.029214745154604316,1.3944515027105808,5.187902729630878e-05,98.53129982948303,0.687,0.792,5,-2.749,1,0.0452,0.191,0,0.167,0.671,100.015,audio_features,2dpaYNEQHiRxtZbfNsse99,spotify:track:2dpaYNEQHiRxtZbfNsse99,https://api.spotify.com/v1/tracks/2dpaYNEQHiRxtZbfNsse99,https://api.spotify.com/v1/audio-analysis/2dpaYNEQHiRxtZbfNsse99,214290,4
